<annotation>
	<folder>JPEGImage</folder>
	<filename>%4ABC`RW9[EH(C8GG_572JN.png</filename>
	<path>D:\360MoveData\Users\44380\Desktop\新建文件夹 (5)\yolov5\VOCdevkit\VOC2007\JPEGImage\%4ABC`RW9[EH(C8GG_572JN.png</path>
	<source>
		<database>Unknown</database>
	</source>
	<size>
		<width>1133</width>
		<height>743</height>
		<depth>3</depth>
	</size>
	<segmented>0</segmented>
	<object>
		<name>lake</name>
		<pose>Unspecified</pose>
		<truncated>0</truncated>
		<difficult>0</difficult>
		<bndbox>
			<xmin>306</xmin>
			<ymin>133</ymin>
			<xmax>870</xmax>
			<ymax>529</ymax>
		</bndbox>
	</object>
</annotation>
