<annotation>
	<folder>JPEGImage</folder>
	<filename>(ZYONJH3$B)SO@)3BWWHV9E.png</filename>
	<path>D:\360MoveData\Users\44380\Desktop\新建文件夹 (5)\yolov5\VOCdevkit\VOC2007\JPEGImage\(ZYONJH3$B)SO@)3BWWHV9E.png</path>
	<source>
		<database>Unknown</database>
	</source>
	<size>
		<width>1377</width>
		<height>807</height>
		<depth>3</depth>
	</size>
	<segmented>0</segmented>
	<object>
		<name>river</name>
		<pose>Unspecified</pose>
		<truncated>1</truncated>
		<difficult>0</difficult>
		<bndbox>
			<xmin>396</xmin>
			<ymin>1</ymin>
			<xmax>1377</xmax>
			<ymax>798</ymax>
		</bndbox>
	</object>
</annotation>
