<annotation>
	<folder>JPEGImage</folder>
	<filename>07QW]`4E{DZ7]WU_V]{X]UM.png</filename>
	<path>D:\360MoveData\Users\44380\Desktop\新建文件夹 (5)\yolov5\VOCdevkit\VOC2007\JPEGImage\07QW]`4E{DZ7]WU_V]{X]UM.png</path>
	<source>
		<database>Unknown</database>
	</source>
	<size>
		<width>1293</width>
		<height>813</height>
		<depth>3</depth>
	</size>
	<segmented>0</segmented>
	<object>
		<name>river</name>
		<pose>Unspecified</pose>
		<truncated>1</truncated>
		<difficult>0</difficult>
		<bndbox>
			<xmin>180</xmin>
			<ymin>219</ymin>
			<xmax>1292</xmax>
			<ymax>813</ymax>
		</bndbox>
	</object>
</annotation>
