<annotation>
	<folder>JPEGImages</folder>
	<filename>274HTM(%WR%[LWZ9764APF0.png</filename>
	<path>D:\360MoveData\Users\44380\Desktop\abc\VOC\VOCdevkit\VOC2007\JPEGImages\274HTM(%WR%[LWZ9764APF0.png</path>
	<source>
		<database>Unknown</database>
	</source>
	<size>
		<width>407</width>
		<height>705</height>
		<depth>3</depth>
	</size>
	<segmented>0</segmented>
	<object>
		<name>lake</name>
		<pose>Unspecified</pose>
		<truncated>0</truncated>
		<difficult>0</difficult>
		<bndbox>
			<xmin>170</xmin>
			<ymin>71</ymin>
			<xmax>227</xmax>
			<ymax>197</ymax>
		</bndbox>
	</object>
	<object>
		<name>lake</name>
		<pose>Unspecified</pose>
		<truncated>0</truncated>
		<difficult>0</difficult>
		<bndbox>
			<xmin>23</xmin>
			<ymin>391</ymin>
			<xmax>170</xmax>
			<ymax>675</ymax>
		</bndbox>
	</object>
</annotation>
