<annotation>
	<folder>JPEGImage</folder>
	<filename>6[@L(GLKN]2MD}LLQYZX4QJ.png</filename>
	<path>D:\360MoveData\Users\44380\Desktop\新建文件夹 (5)\yolov5\VOCdevkit\VOC2007\JPEGImage\6[@L(GLKN]2MD}LLQYZX4QJ.png</path>
	<source>
		<database>Unknown</database>
	</source>
	<size>
		<width>1389</width>
		<height>819</height>
		<depth>3</depth>
	</size>
	<segmented>0</segmented>
	<object>
		<name>lake</name>
		<pose>Unspecified</pose>
		<truncated>0</truncated>
		<difficult>0</difficult>
		<bndbox>
			<xmin>126</xmin>
			<ymin>204</ymin>
			<xmax>412</xmax>
			<ymax>730</ymax>
		</bndbox>
	</object>
	<object>
		<name>lake</name>
		<pose>Unspecified</pose>
		<truncated>0</truncated>
		<difficult>0</difficult>
		<bndbox>
			<xmin>849</xmin>
			<ymin>12</ymin>
			<xmax>1197</xmax>
			<ymax>462</ymax>
		</bndbox>
	</object>
	<object>
		<name>river</name>
		<pose>Unspecified</pose>
		<truncated>0</truncated>
		<difficult>0</difficult>
		<bndbox>
			<xmin>432</xmin>
			<ymin>380</ymin>
			<xmax>1163</xmax>
			<ymax>812</ymax>
		</bndbox>
	</object>
</annotation>
