<annotation>
	<folder>JPEGImages</folder>
	<filename>]U36EKSMR{_5D5CCKNWCT89.png</filename>
	<path>D:\360MoveData\Users\44380\Desktop\abc\VOC\VOCdevkit\VOC2007\JPEGImages\]U36EKSMR{_5D5CCKNWCT89.png</path>
	<source>
		<database>Unknown</database>
	</source>
	<size>
		<width>687</width>
		<height>609</height>
		<depth>3</depth>
	</size>
	<segmented>0</segmented>
	<object>
		<name>river</name>
		<pose>Unspecified</pose>
		<truncated>0</truncated>
		<difficult>0</difficult>
		<bndbox>
			<xmin>301</xmin>
			<ymin>102</ymin>
			<xmax>686</xmax>
			<ymax>598</ymax>
		</bndbox>
	</object>
</annotation>
