<annotation>
	<folder>JPEGImages</folder>
	<filename>EH69IPSYR(F9RU8MW@T4L]4.png</filename>
	<path>D:\360MoveData\Users\44380\Desktop\abc\VOC\VOCdevkit\VOC2007\JPEGImages\EH69IPSYR(F9RU8MW@T4L]4.png</path>
	<source>
		<database>Unknown</database>
	</source>
	<size>
		<width>951</width>
		<height>905</height>
		<depth>3</depth>
	</size>
	<segmented>0</segmented>
	<object>
		<name>lake</name>
		<pose>Unspecified</pose>
		<truncated>0</truncated>
		<difficult>0</difficult>
		<bndbox>
			<xmin>408</xmin>
			<ymin>33</ymin>
			<xmax>502</xmax>
			<ymax>162</ymax>
		</bndbox>
	</object>
	<object>
		<name>lake</name>
		<pose>Unspecified</pose>
		<truncated>0</truncated>
		<difficult>0</difficult>
		<bndbox>
			<xmin>309</xmin>
			<ymin>3</ymin>
			<xmax>352</xmax>
			<ymax>44</ymax>
		</bndbox>
	</object>
	<object>
		<name>lake</name>
		<pose>Unspecified</pose>
		<truncated>0</truncated>
		<difficult>0</difficult>
		<bndbox>
			<xmin>657</xmin>
			<ymin>104</ymin>
			<xmax>814</xmax>
			<ymax>227</ymax>
		</bndbox>
	</object>
	<object>
		<name>lake</name>
		<pose>Unspecified</pose>
		<truncated>0</truncated>
		<difficult>0</difficult>
		<bndbox>
			<xmin>666</xmin>
			<ymin>440</ymin>
			<xmax>776</xmax>
			<ymax>597</ymax>
		</bndbox>
	</object>
	<object>
		<name>lake</name>
		<pose>Unspecified</pose>
		<truncated>0</truncated>
		<difficult>0</difficult>
		<bndbox>
			<xmin>629</xmin>
			<ymin>618</ymin>
			<xmax>877</xmax>
			<ymax>756</ymax>
		</bndbox>
	</object>
	<object>
		<name>lake</name>
		<pose>Unspecified</pose>
		<truncated>1</truncated>
		<difficult>0</difficult>
		<bndbox>
			<xmin>431</xmin>
			<ymin>773</ymin>
			<xmax>524</xmax>
			<ymax>905</ymax>
		</bndbox>
	</object>
	<object>
		<name>lake</name>
		<pose>Unspecified</pose>
		<truncated>0</truncated>
		<difficult>0</difficult>
		<bndbox>
			<xmin>315</xmin>
			<ymin>545</ymin>
			<xmax>474</xmax>
			<ymax>657</ymax>
		</bndbox>
	</object>
	<object>
		<name>lake</name>
		<pose>Unspecified</pose>
		<truncated>0</truncated>
		<difficult>0</difficult>
		<bndbox>
			<xmin>504</xmin>
			<ymin>532</ymin>
			<xmax>535</xmax>
			<ymax>560</ymax>
		</bndbox>
	</object>
	<object>
		<name>lake</name>
		<pose>Unspecified</pose>
		<truncated>0</truncated>
		<difficult>0</difficult>
		<bndbox>
			<xmin>74</xmin>
			<ymin>362</ymin>
			<xmax>382</xmax>
			<ymax>526</ymax>
		</bndbox>
	</object>
	<object>
		<name>lake</name>
		<pose>Unspecified</pose>
		<truncated>0</truncated>
		<difficult>0</difficult>
		<bndbox>
			<xmin>229</xmin>
			<ymin>206</ymin>
			<xmax>311</xmax>
			<ymax>292</ymax>
		</bndbox>
	</object>
	<object>
		<name>lake</name>
		<pose>Unspecified</pose>
		<truncated>0</truncated>
		<difficult>0</difficult>
		<bndbox>
			<xmin>42</xmin>
			<ymin>184</ymin>
			<xmax>89</xmax>
			<ymax>238</ymax>
		</bndbox>
	</object>
	<object>
		<name>lake</name>
		<pose>Unspecified</pose>
		<truncated>0</truncated>
		<difficult>0</difficult>
		<bndbox>
			<xmin>145</xmin>
			<ymin>120</ymin>
			<xmax>162</xmax>
			<ymax>143</ymax>
		</bndbox>
	</object>
	<object>
		<name>lake</name>
		<pose>Unspecified</pose>
		<truncated>0</truncated>
		<difficult>0</difficult>
		<bndbox>
			<xmin>240</xmin>
			<ymin>588</ymin>
			<xmax>262</xmax>
			<ymax>612</ymax>
		</bndbox>
	</object>
	<object>
		<name>lake</name>
		<pose>Unspecified</pose>
		<truncated>0</truncated>
		<difficult>0</difficult>
		<bndbox>
			<xmin>608</xmin>
			<ymin>270</ymin>
			<xmax>634</xmax>
			<ymax>298</ymax>
		</bndbox>
	</object>
</annotation>
