<annotation>
	<folder>JPEGImages</folder>
	<filename>EN}A%PW6X{HBFOCL3`VEK}9.png</filename>
	<path>D:\360MoveData\Users\44380\Desktop\abc\VOC\VOCdevkit\VOC2007\JPEGImages\EN}A%PW6X{HBFOCL3`VEK}9.png</path>
	<source>
		<database>Unknown</database>
	</source>
	<size>
		<width>1101</width>
		<height>715</height>
		<depth>3</depth>
	</size>
	<segmented>0</segmented>
	<object>
		<name>lake</name>
		<pose>Unspecified</pose>
		<truncated>0</truncated>
		<difficult>0</difficult>
		<bndbox>
			<xmin>24</xmin>
			<ymin>291</ymin>
			<xmax>569</xmax>
			<ymax>700</ymax>
		</bndbox>
	</object>
	<object>
		<name>river</name>
		<pose>Unspecified</pose>
		<truncated>0</truncated>
		<difficult>0</difficult>
		<bndbox>
			<xmin>563</xmin>
			<ymin>4</ymin>
			<xmax>1058</xmax>
			<ymax>494</ymax>
		</bndbox>
	</object>
</annotation>
