<annotation>
	<folder>JPEGImages</folder>
	<filename>HH88TUX6DVI7HW)]FP}$ZKP.png</filename>
	<path>D:\360MoveData\Users\44380\Desktop\abc\VOC\VOCdevkit\VOC2007\JPEGImages\HH88TUX6DVI7HW)]FP}$ZKP.png</path>
	<source>
		<database>Unknown</database>
	</source>
	<size>
		<width>557</width>
		<height>559</height>
		<depth>3</depth>
	</size>
	<segmented>0</segmented>
	<object>
		<name>river</name>
		<pose>Unspecified</pose>
		<truncated>1</truncated>
		<difficult>0</difficult>
		<bndbox>
			<xmin>169</xmin>
			<ymin>2</ymin>
			<xmax>557</xmax>
			<ymax>417</ymax>
		</bndbox>
	</object>
</annotation>
