<annotation>
	<folder>JPEGImage</folder>
	<filename>N3MIIVC1YB_C[F}ZM95R9DA.png</filename>
	<path>D:\360MoveData\Users\44380\Desktop\新建文件夹 (5)\yolov5\VOCdevkit\VOC2007\JPEGImage\N3MIIVC1YB_C[F}ZM95R9DA.png</path>
	<source>
		<database>Unknown</database>
	</source>
	<size>
		<width>1155</width>
		<height>767</height>
		<depth>3</depth>
	</size>
	<segmented>0</segmented>
	<object>
		<name>river</name>
		<pose>Unspecified</pose>
		<truncated>1</truncated>
		<difficult>0</difficult>
		<bndbox>
			<xmin>16</xmin>
			<ymin>1</ymin>
			<xmax>721</xmax>
			<ymax>767</ymax>
		</bndbox>
	</object>
</annotation>
