<annotation>
	<folder>JPEGImages</folder>
	<filename>RHSO9U{%Y}(HERO`)3_K{I4.png</filename>
	<path>D:\360MoveData\Users\44380\Desktop\abc\VOC\VOCdevkit\VOC2007\JPEGImages\RHSO9U{%Y}(HERO`)3_K{I4.png</path>
	<source>
		<database>Unknown</database>
	</source>
	<size>
		<width>603</width>
		<height>685</height>
		<depth>3</depth>
	</size>
	<segmented>0</segmented>
	<object>
		<name>lake</name>
		<pose>Unspecified</pose>
		<truncated>0</truncated>
		<difficult>0</difficult>
		<bndbox>
			<xmin>33</xmin>
			<ymin>293</ymin>
			<xmax>330</xmax>
			<ymax>680</ymax>
		</bndbox>
	</object>
	<object>
		<name>river</name>
		<pose>Unspecified</pose>
		<truncated>0</truncated>
		<difficult>0</difficult>
		<bndbox>
			<xmin>410</xmin>
			<ymin>5</ymin>
			<xmax>520</xmax>
			<ymax>225</ymax>
		</bndbox>
	</object>
	<object>
		<name>river</name>
		<pose>Unspecified</pose>
		<truncated>0</truncated>
		<difficult>0</difficult>
		<bndbox>
			<xmin>188</xmin>
			<ymin>184</ymin>
			<xmax>454</xmax>
			<ymax>313</ymax>
		</bndbox>
	</object>
</annotation>
