<annotation>
	<folder>JPEGImages</folder>
	<filename>~@JPN1YXKWMSM3F(CQM[FV5.png</filename>
	<path>D:\360MoveData\Users\44380\Desktop\abc\VOC\VOCdevkit\VOC2007\JPEGImages\~@JPN1YXKWMSM3F(CQM[FV5.png</path>
	<source>
		<database>Unknown</database>
	</source>
	<size>
		<width>835</width>
		<height>677</height>
		<depth>3</depth>
	</size>
	<segmented>0</segmented>
	<object>
		<name>river</name>
		<pose>Unspecified</pose>
		<truncated>1</truncated>
		<difficult>0</difficult>
		<bndbox>
			<xmin>406</xmin>
			<ymin>1</ymin>
			<xmax>813</xmax>
			<ymax>677</ymax>
		</bndbox>
	</object>
	<object>
		<name>lake</name>
		<pose>Unspecified</pose>
		<truncated>0</truncated>
		<difficult>0</difficult>
		<bndbox>
			<xmin>447</xmin>
			<ymin>505</ymin>
			<xmax>598</xmax>
			<ymax>669</ymax>
		</bndbox>
	</object>
	<object>
		<name>lake</name>
		<pose>Unspecified</pose>
		<truncated>0</truncated>
		<difficult>0</difficult>
		<bndbox>
			<xmin>497</xmin>
			<ymin>367</ymin>
			<xmax>660</xmax>
			<ymax>441</ymax>
		</bndbox>
	</object>
	<object>
		<name>lake</name>
		<pose>Unspecified</pose>
		<truncated>0</truncated>
		<difficult>0</difficult>
		<bndbox>
			<xmin>293</xmin>
			<ymin>311</ymin>
			<xmax>346</xmax>
			<ymax>392</ymax>
		</bndbox>
	</object>
</annotation>
