<annotation>
	<folder>JPEGImages</folder>
	<filename>~K59JH9MNB}3`[NTYE`CAHU.png</filename>
	<path>D:\360MoveData\Users\44380\Desktop\abc\VOC\VOCdevkit\VOC2007\JPEGImages\~K59JH9MNB}3`[NTYE`CAHU.png</path>
	<source>
		<database>Unknown</database>
	</source>
	<size>
		<width>621</width>
		<height>395</height>
		<depth>3</depth>
	</size>
	<segmented>0</segmented>
	<object>
		<name>river</name>
		<pose>Unspecified</pose>
		<truncated>1</truncated>
		<difficult>0</difficult>
		<bndbox>
			<xmin>4</xmin>
			<ymin>153</ymin>
			<xmax>621</xmax>
			<ymax>388</ymax>
		</bndbox>
	</object>
	<object>
		<name>lake</name>
		<pose>Unspecified</pose>
		<truncated>0</truncated>
		<difficult>0</difficult>
		<bndbox>
			<xmin>420</xmin>
			<ymin>7</ymin>
			<xmax>490</xmax>
			<ymax>62</ymax>
		</bndbox>
	</object>
	<object>
		<name>river</name>
		<pose>Unspecified</pose>
		<truncated>0</truncated>
		<difficult>0</difficult>
		<bndbox>
			<xmin>422</xmin>
			<ymin>89</ymin>
			<xmax>564</xmax>
			<ymax>220</ymax>
		</bndbox>
	</object>
</annotation>
