<annotation>
	<folder>JPEGImage</folder>
	<filename>4@UG2Y@QY((R6%)YXN%OS39.png</filename>
	<path>D:\360MoveData\Users\44380\Desktop\新建文件夹 (5)\yolov5\VOCdevkit\VOC2007\JPEGImage\4@UG2Y@QY((R6%)YXN%OS39.png</path>
	<source>
		<database>Unknown</database>
	</source>
	<size>
		<width>1639</width>
		<height>695</height>
		<depth>3</depth>
	</size>
	<segmented>0</segmented>
	<object>
		<name>river</name>
		<pose>Unspecified</pose>
		<truncated>1</truncated>
		<difficult>0</difficult>
		<bndbox>
			<xmin>1</xmin>
			<ymin>49</ymin>
			<xmax>1639</xmax>
			<ymax>638</ymax>
		</bndbox>
	</object>
</annotation>
