<annotation>
	<folder>JPEGImages</folder>
	<filename>6W%@HXBE%01J2VXD01[T)3Y.png</filename>
	<path>D:\360MoveData\Users\44380\Desktop\abc\VOC\VOCdevkit\VOC2007\JPEGImages\6W%@HXBE%01J2VXD01[T)3Y.png</path>
	<source>
		<database>Unknown</database>
	</source>
	<size>
		<width>759</width>
		<height>567</height>
		<depth>3</depth>
	</size>
	<segmented>0</segmented>
	<object>
		<name>lake</name>
		<pose>Unspecified</pose>
		<truncated>0</truncated>
		<difficult>0</difficult>
		<bndbox>
			<xmin>90</xmin>
			<ymin>52</ymin>
			<xmax>676</xmax>
			<ymax>525</ymax>
		</bndbox>
	</object>
</annotation>
