<annotation>
	<folder>JPEGImages</folder>
	<filename>9L`Z@EDB7F@W`@M0G_Q2P12.png</filename>
	<path>D:\360MoveData\Users\44380\Desktop\abc\VOC\VOCdevkit\VOC2007\JPEGImages\9L`Z@EDB7F@W`@M0G_Q2P12.png</path>
	<source>
		<database>Unknown</database>
	</source>
	<size>
		<width>821</width>
		<height>711</height>
		<depth>3</depth>
	</size>
	<segmented>0</segmented>
	<object>
		<name>lake</name>
		<pose>Unspecified</pose>
		<truncated>0</truncated>
		<difficult>0</difficult>
		<bndbox>
			<xmin>239</xmin>
			<ymin>242</ymin>
			<xmax>435</xmax>
			<ymax>652</ymax>
		</bndbox>
	</object>
	<object>
		<name>river</name>
		<pose>Unspecified</pose>
		<truncated>1</truncated>
		<difficult>0</difficult>
		<bndbox>
			<xmin>130</xmin>
			<ymin>1</ymin>
			<xmax>313</xmax>
			<ymax>305</ymax>
		</bndbox>
	</object>
	<object>
		<name>river</name>
		<pose>Unspecified</pose>
		<truncated>0</truncated>
		<difficult>0</difficult>
		<bndbox>
			<xmin>413</xmin>
			<ymin>4</ymin>
			<xmax>758</xmax>
			<ymax>573</ymax>
		</bndbox>
	</object>
	<object>
		<name>river</name>
		<pose>Unspecified</pose>
		<truncated>1</truncated>
		<difficult>0</difficult>
		<bndbox>
			<xmin>113</xmin>
			<ymin>599</ymin>
			<xmax>258</xmax>
			<ymax>711</ymax>
		</bndbox>
	</object>
</annotation>
