<annotation>
	<folder>JPEGImages</folder>
	<filename>[D[J[B4W[ES1]T}P(PBU[WL.png</filename>
	<path>D:\360MoveData\Users\44380\Desktop\abc\VOC\VOCdevkit\VOC2007\JPEGImages\[D[J[B4W[ES1]T}P(PBU[WL.png</path>
	<source>
		<database>Unknown</database>
	</source>
	<size>
		<width>517</width>
		<height>739</height>
		<depth>3</depth>
	</size>
	<segmented>0</segmented>
	<object>
		<name>lake</name>
		<pose>Unspecified</pose>
		<truncated>0</truncated>
		<difficult>0</difficult>
		<bndbox>
			<xmin>108</xmin>
			<ymin>51</ymin>
			<xmax>331</xmax>
			<ymax>344</ymax>
		</bndbox>
	</object>
	<object>
		<name>river</name>
		<pose>Unspecified</pose>
		<truncated>1</truncated>
		<difficult>0</difficult>
		<bndbox>
			<xmin>3</xmin>
			<ymin>320</ymin>
			<xmax>347</xmax>
			<ymax>739</ymax>
		</bndbox>
	</object>
</annotation>
