<annotation>
	<folder>JPEGImage</folder>
	<filename>`81~}YX`~@BMI`(]JAWS$ER.png</filename>
	<path>D:\360MoveData\Users\44380\Desktop\新建文件夹 (5)\yolov5\VOCdevkit\VOC2007\JPEGImage\`81~}YX`~@BMI`(]JAWS$ER.png</path>
	<source>
		<database>Unknown</database>
	</source>
	<size>
		<width>1221</width>
		<height>727</height>
		<depth>3</depth>
	</size>
	<segmented>0</segmented>
	<object>
		<name>lake</name>
		<pose>Unspecified</pose>
		<truncated>0</truncated>
		<difficult>0</difficult>
		<bndbox>
			<xmin>210</xmin>
			<ymin>54</ymin>
			<xmax>546</xmax>
			<ymax>319</ymax>
		</bndbox>
	</object>
	<object>
		<name>lake</name>
		<pose>Unspecified</pose>
		<truncated>0</truncated>
		<difficult>0</difficult>
		<bndbox>
			<xmin>650</xmin>
			<ymin>266</ymin>
			<xmax>903</xmax>
			<ymax>635</ymax>
		</bndbox>
	</object>
</annotation>
