<annotation>
	<folder>JPEGImages</folder>
	<filename>EZGVM0X]OOT_}%ULT`[C6@M.png</filename>
	<path>D:\360MoveData\Users\44380\Desktop\abc\VOC\VOCdevkit\VOC2007\JPEGImages\EZGVM0X]OOT_}%ULT`[C6@M.png</path>
	<source>
		<database>Unknown</database>
	</source>
	<size>
		<width>933</width>
		<height>675</height>
		<depth>3</depth>
	</size>
	<segmented>0</segmented>
	<object>
		<name>lake</name>
		<pose>Unspecified</pose>
		<truncated>0</truncated>
		<difficult>0</difficult>
		<bndbox>
			<xmin>139</xmin>
			<ymin>191</ymin>
			<xmax>871</xmax>
			<ymax>605</ymax>
		</bndbox>
	</object>
	<object>
		<name>river</name>
		<pose>Unspecified</pose>
		<truncated>0</truncated>
		<difficult>0</difficult>
		<bndbox>
			<xmin>520</xmin>
			<ymin>4</ymin>
			<xmax>909</xmax>
			<ymax>194</ymax>
		</bndbox>
	</object>
</annotation>
